{
  "properties": {
    "displayName": "ASSIGN | INIT Key Vault & Managed HSM Guardrails (Subscription)",
    "description": "Assign initiative to subscription with required parameters.",
    "enforcementMode": "Default",
    "parameters": {
      "logAnalytics": {
        "value": "<LOG_ANALYTICS_WORKSPACE_RESOURCE_ID>"
      },
      "minRetentionDays": {
        "value": 90
      },
      "allowedLocations": {
        "value": [
          "canadacentral",
          "canadaeast"
        ]
      }
    },
    "policyDefinitionId": "/subscriptions/<SUBSCRIPTION_ID>/providers/Microsoft.Authorization/policySetDefinitions/init-kv-guardrails"
  },
  "location": "<ANY-AZURE-LOCATION>"
}