{
  "properties": {
    "displayName": "Key Vault & Managed HSM | Allowed locations (Canada only)",
    "policyType": "Custom",
    "mode": "All",
    "description": "Restricts Key Vault vaults and Managed HSM to approved regions.",
    "metadata": {
      "category": "Key Vault"
    },
    "parameters": {
      "allowedLocations": {
        "type": "Array",
        "metadata": {
          "displayName": "Allowed locations"
        },
        "defaultValue": [
          "canadacentral",
          "canadaeast"
        ]
      }
    },
    "policyRule": {
      "if": {
        "anyOf": [
          {
            "allOf": [
              {
                "field": "type",
                "equals": "Microsoft.KeyVault/vaults"
              },
              {
                "field": "location",
                "notIn": "[parameters('allowedLocations')]"
              }
            ]
          },
          {
            "allOf": [
              {
                "field": "type",
                "equals": "Microsoft.KeyVault/managedHSMs"
              },
              {
                "field": "location",
                "notIn": "[parameters('allowedLocations')]"
              }
            ]
          }
        ]
      },
      "then": {
        "effect": "deny"
      }
    }
  }
}