{
  "properties": {
    "displayName": "Key Vault | Deploy diagnostic settings to Log Analytics (AuditEvent, Metrics)",
    "policyType": "Custom",
    "mode": "All",
    "description": "Ensures diagnostics are enabled for Key Vaults and sent to a specified Log Analytics workspace.",
    "metadata": {
      "category": "Key Vault"
    },
    "parameters": {
      "logAnalytics": {
        "type": "String",
        "metadata": {
          "displayName": "Log Analytics workspace resource ID"
        }
      },
      "diagName": {
        "type": "String",
        "metadata": {
          "displayName": "Diagnostic setting name"
        },
        "defaultValue": "send-to-law"
      }
    },
    "policyRule": {
      "if": {
        "field": "type",
        "equals": "Microsoft.KeyVault/vaults"
      },
      "then": {
        "effect": "deployIfNotExists",
        "details": {
          "type": "Microsoft.Insights/diagnosticSettings",
          "roleDefinitionIds": [
            "/providers/microsoft.authorization/roleDefinitions/749f88d5-cbae-40b8-bcfc-e573ddc772fa"
          ],
          "existenceCondition": {
            "allOf": [
              {
                "field": "Microsoft.Insights/diagnosticSettings/logAnalytics.destination",
                "equals": "[parameters('logAnalytics')]"
              },
              {
                "anyOf": [
                  {
                    "field": "Microsoft.Insights/diagnosticSettings/logs.enabled",
                    "equals": "true"
                  },
                  {
                    "field": "Microsoft.Insights/diagnosticSettings/metrics.enabled",
                    "equals": "true"
                  }
                ]
              }
            ]
          },
          "deployment": {
            "properties": {
              "mode": "incremental",
              "template": {
                "$schema": "https://schema.management.azure.com/schemas/2019-04-01/deploymentTemplate.json#",
                "contentVersion": "1.0.0.0",
                "resources": [
                  {
                    "type": "Microsoft.Insights/diagnosticSettings",
                    "apiVersion": "2021-05-01-preview",
                    "name": "[parameters('diagName')]",
                    "scope": "[concat('Microsoft.KeyVault/vaults/', field('name'))]",
                    "properties": {
                      "workspaceId": "[parameters('logAnalytics')]",
                      "logs": [
                        {
                          "category": "AuditEvent",
                          "enabled": true
                        }
                      ],
                      "metrics": [
                        {
                          "category": "AllMetrics",
                          "enabled": true
                        }
                      ]
                    }
                  }
                ]
              }
            }
          }
        }
      }
    }
  }
}