{
  "properties": {
    "displayName": "Key Vault | Audit when firewall defaultAction is not Deny",
    "policyType": "Custom",
    "mode": "All",
    "description": "Audits Key Vaults where network ACLs defaultAction is not Deny.",
    "metadata": {
      "category": "Key Vault"
    },
    "policyRule": {
      "if": {
        "allOf": [
          {
            "field": "type",
            "equals": "Microsoft.KeyVault/vaults"
          },
          {
            "field": "Microsoft.KeyVault/vaults/networkAcls.defaultAction",
            "notEquals": "Deny"
          }
        ]
      },
      "then": {
        "effect": "audit"
      }
    }
  }
}