{
  "properties": {
    "displayName": "Key Vault | Require purge protection and minimum soft-delete retention",
    "policyType": "Custom",
    "mode": "All",
    "description": "Denies Key Vaults without purge protection enabled or with soft-delete retention less than the policy parameter.",
    "metadata": {
      "category": "Key Vault"
    },
    "parameters": {
      "minRetentionDays": {
        "type": "Integer",
        "metadata": {
          "displayName": "Minimum soft-delete retention (days)"
        },
        "defaultValue": 90
      }
    },
    "policyRule": {
      "if": {
        "allOf": [
          {
            "field": "type",
            "equals": "Microsoft.KeyVault/vaults"
          },
          {
            "anyOf": [
              {
                "field": "Microsoft.KeyVault/vaults/enablePurgeProtection",
                "notEquals": "true"
              },
              {
                "field": "Microsoft.KeyVault/vaults/softDeleteRetentionInDays",
                "less": "[parameters('minRetentionDays')]"
              }
            ]
          }
        ]
      },
      "then": {
        "effect": "deny"
      }
    }
  }
}