{
  "properties": {
    "displayName": "Key Vault | Disable public network access (private endpoints only)",
    "policyType": "Custom",
    "mode": "All",
    "description": "Denies Key Vaults where publicNetworkAccess is not Disabled.",
    "metadata": {
      "category": "Key Vault"
    },
    "policyRule": {
      "if": {
        "allOf": [
          {
            "field": "type",
            "equals": "Microsoft.KeyVault/vaults"
          },
          {
            "field": "Microsoft.KeyVault/vaults/publicNetworkAccess",
            "notEquals": "Disabled"
          }
        ]
      },
      "then": {
        "effect": "deny"
      }
    }
  }
}