{
  "properties": {
    "displayName": "Key Vault | Enforce RBAC authorization (no legacy access policies)",
    "policyType": "Custom",
    "mode": "All",
    "description": "Denies creation/update of Key Vaults that are not configured to use data-plane RBAC.",
    "metadata": {
      "category": "Key Vault"
    },
    "policyRule": {
      "if": {
        "allOf": [
          {
            "field": "type",
            "equals": "Microsoft.KeyVault/vaults"
          },
          {
            "field": "Microsoft.KeyVault/vaults/enableRbacAuthorization",
            "notEquals": "true"
          }
        ]
      },
      "then": {
        "effect": "deny"
      }
    }
  }
}