{
  "properties": {
    "displayName": "Managed HSM | Disable public network access and require purge protection",
    "policyType": "Custom",
    "mode": "All",
    "description": "Denies Managed HSMs without purge protection or with public network access enabled.",
    "metadata": {
      "category": "Key Vault (Managed HSM)"
    },
    "policyRule": {
      "if": {
        "allOf": [
          {
            "field": "type",
            "equals": "Microsoft.KeyVault/managedHSMs"
          },
          {
            "anyOf": [
              {
                "field": "Microsoft.KeyVault/managedHSMs/publicNetworkAccess",
                "notEquals": "Disabled"
              },
              {
                "field": "Microsoft.KeyVault/managedHSMs/enablePurgeProtection",
                "notEquals": "true"
              }
            ]
          }
        ]
      },
      "then": {
        "effect": "deny"
      }
    }
  }
}