{
  "properties": {
    "displayName": "INIT | Azure Key Vault & Managed HSM Guardrails (RBAC, PE, Purge, Diagnostics, Location)",
    "policyType": "Custom",
    "metadata": {
      "category": "Key Vault"
    },
    "parameters": {
      "minRetentionDays": {
        "type": "Integer",
        "metadata": {
          "displayName": "Minimum soft-delete retention (days)"
        },
        "defaultValue": 90
      },
      "logAnalytics": {
        "type": "String",
        "metadata": {
          "displayName": "Log Analytics workspace resource ID"
        }
      },
      "diagName": {
        "type": "String",
        "metadata": {
          "displayName": "Diagnostic setting name"
        },
        "defaultValue": "send-to-law"
      },
      "allowedLocations": {
        "type": "Array",
        "metadata": {
          "displayName": "Allowed locations"
        },
        "defaultValue": [
          "canadacentral",
          "canadaeast"
        ]
      }
    },
    "policyDefinitions": [
      {
        "policyDefinitionReferenceId": "kv-rbac-only",
        "policyDefinitionId": "__POLICY_ID_KV_RBAC_ONLY__"
      },
      {
        "policyDefinitionReferenceId": "kv-purge-softdelete",
        "policyDefinitionId": "__POLICY_ID_KV_PURGE_SOFTDELETE__",
        "parameters": {
          "minRetentionDays": {
            "value": "[parameters('minRetentionDays')]"
          }
        }
      },
      {
        "policyDefinitionReferenceId": "kv-public-disabled",
        "policyDefinitionId": "__POLICY_ID_KV_PUBLIC_DISABLED__"
      },
      {
        "policyDefinitionReferenceId": "kv-diags-law",
        "policyDefinitionId": "__POLICY_ID_KV_DIAGS_LAW__",
        "parameters": {
          "logAnalytics": {
            "value": "[parameters('logAnalytics')]"
          },
          "diagName": {
            "value": "[parameters('diagName')]"
          }
        }
      },
      {
        "policyDefinitionReferenceId": "kv-firewall-deny-audit",
        "policyDefinitionId": "__POLICY_ID_KV_FIREWALL_DENY_AUDIT__"
      },
      {
        "policyDefinitionReferenceId": "mhsm-no-public-purge",
        "policyDefinitionId": "__POLICY_ID_MHSM_NO_PUBLIC_PURGE__"
      },
      {
        "policyDefinitionReferenceId": "kv-allowed-locations",
        "policyDefinitionId": "__POLICY_ID_KV_ALLOWED_LOCATIONS__",
        "parameters": {
          "allowedLocations": {
            "value": "[parameters('allowedLocations')]"
          }
        }
      }
    ]
  }
}